mode,overall,grammar,relevance,similarity,clarity
Technical,0.7969777891694377,0.6792603548243222,0.8295377076201385,0.904605971281605,0.7745071229516849
Technical,0.7708108490199261,0.6648794564576229,1.0,0.7534869458305817,0.6648769937914996
Technical,0.6312833398427768,0.7813840065378946,0.6073164614375075,0.5068540492859486,0.6295788421097571
Technical,0.4979653079213585,0.4130079633013302,0.3550164334973933,0.4875424941518054,0.7362943407349051
Technical,0.5327867191169567,0.747137099889291,0.5183951848957578,0.3175392597329416,0.5480753319498364
Technical,0.6536342184900364,0.6661335549270196,0.7135056409375847,0.3150503627573086,0.919847315338233
Technical,0.6199804669905941,0.7166383884564799,0.4698012845155394,0.6751396036691344,0.6183425913212226
Technical,0.704066112124774,0.6562459375310085,0.5796586775541206,0.9704556369017876,0.6099041965121792
Technical,0.6149147573430895,0.5413433606566149,0.8645089824206378,0.3558312700057955,0.6979754162893098
Technical,0.5527785145157214,0.4060494814180336,0.4343627902203138,0.6393722471738247,0.7313295392507133
Technical,0.6882812083955753,0.7257052421784955,0.6768703435223519,0.5397792608821422,0.8107699869993115
Technical,0.6223854403093763,0.5920233687407936,0.6078722458080424,0.8114244452437831,0.4782217014448858
Technical,0.6187217644816386,0.4355439766955898,0.764816793878959,0.5229835439167366,0.7515427434352692
Technical,0.7706672679006665,0.7917514433261301,0.9061999044991902,0.7862560238232397,0.5984616999541061
Technical,0.6972743067110266,0.6536181436223177,0.7662526862807127,0.7951090254244718,0.5741173715166041
Technical,0.5349416745515735,0.6721511535004274,0.4787330051987943,0.3607586751838658,0.6281238643232064
Technical,0.8029048582267728,0.9034360042856234,0.6855979756839332,0.8007065795784049,0.8218788733591297
Technical,0.7593409687403132,0.6032320368092313,0.7722791211016827,0.907607313293194,0.7542454037571451
Technical,0.6424385306406759,0.9346965483721008,0.176050979182051,0.7643805008750447,0.6946260941335072
Technical,0.5722610825131917,0.6551488974301198,0.7183521553071004,0.2024862170798214,0.7130570602357257
Technical,0.7281352169611771,0.7535668857267619,0.9955788089483032,0.4963459563452705,0.6670492168243731
Technical,0.6880732621251733,0.6247364434623195,0.8830804235404148,0.6657502219319369,0.5787259595660218
Technical,0.7276676480945332,0.7769901149670033,0.719415509869608,0.7937289981065778,0.6205359694349442
Technical,0.5436045234189691,0.6508506780103347,0.6215783693735684,0.3072970103735762,0.5946920359183971
Technical,0.6844203992600331,0.7391582908269834,0.7010226913284922,0.5530825733249706,0.7444180415596864
Technical,0.548899808281989,0.6369032015851961,0.631457096694646,0.4395445461556762,0.4876943886924378
Technical,0.7678325835846617,0.7606076285221807,1.0,0.6349155625663677,0.6758071432500986
Technical,0.5846021632734595,0.6888331126350749,0.3162457569401916,0.5946972249101566,0.7386325586084146
Technical,0.757717951750413,1.0,0.6615278070437755,0.6603094684667224,0.7090345314911539
Technical,0.7246106745854106,0.5246982943570702,0.928564562903004,0.7503866065373548,0.6947932345442135
Technical,0.6706088308665025,0.5635918817807891,0.98055886218722,0.3196297874415438,0.818654792056457
Technical,0.6941654382808372,1.0,0.5018927349738622,0.4867404540794456,0.7880285640700405
Technical,0.5857515663484238,0.6244786518825701,0.3898673137867734,0.6137125949612054,0.7149477047631462
Technical,0.6844488354232772,0.7710388645952772,0.5161151531532393,0.909986881003508,0.5406544429410842
Technical,0.612683339726464,0.6516907725691486,0.8627034434739339,0.3538271367132089,0.5825120061495644
Technical,0.6614051320317996,0.8960714131423642,0.3785033530877544,0.6369267717064608,0.7341189901906193
Technical,0.586193596277847,0.8172734307665965,0.4526098578243835,0.3359086773831447,0.7389824191372635
Technical,0.7355567869490207,0.7445477009849779,0.7500985700691752,0.6692896418993951,0.7782912348425346
Technical,0.6371446393479598,0.7348380545741505,0.7586144946597362,0.4571297163947264,0.5979962917632263
Technical,0.7359977842736795,0.7710749381367681,0.4617393005594702,0.7313107217267659,0.9798661766717134
Technical,0.684860773039602,0.8180626905613677,0.9317191158014808,0.4358635363296579,0.5537977494659018
Technical,0.8625485467392027,0.7619171390404746,0.8644120319988979,0.9793585965307896,0.8445064193866483
Technical,0.5522666037569384,0.5869395753463765,0.5220971140748953,0.4368379430069123,0.6631917825995693
Technical,0.7400955873708973,0.7511727962224966,0.7553381598660037,0.7654366498072047,0.6884347435878844
Technical,0.8167622571769231,0.9180301115735976,0.6470686333524087,1.0,0.701950283781686
Technical,0.6368981130346807,0.5714263665375576,0.4858215003877775,0.696494483048637,0.7938501021647508
Technical,0.7134155996745677,0.8071000741138138,0.7946475249147089,0.5854342174686255,0.6664805822011223
Technical,0.6069326567595374,0.4727729162971202,0.6106970095865958,0.7712797588646945,0.5729809422897392
Technical,0.664238226482184,0.5131391831932017,0.7346361851702363,0.6770634759457673,0.7321140616195305
Technical,0.5933819586461836,0.7230587658918292,0.7116417436892,0.3714059404338753,0.56742138456983
Technical,0.8162891105123784,0.7841176789552351,0.9166102486350554,0.8107604104069805,0.7536681040522425
Technical,0.6396100206108354,0.5593262440127316,0.803007053441732,0.7027571901824418,0.4933495948064363
Technical,0.8546370957801651,1.0,0.8141781021386334,0.8271131280361198,0.7772571529459071
Technical,0.7573872368476086,0.7977086876958697,0.6369461510719309,0.7517938440986535,0.8431002645239802
Technical,0.6169638862799516,0.6644772089889986,0.6029272904341793,0.6163748278772645,0.5840762178193641
Technical,0.6336547712370525,0.4199102211112377,0.8372520380749027,0.2774568257620696,1.0
Technical,0.6474649644774803,0.8633425895451049,0.7128560038190925,0.3844510444141387,0.6292102201315849
Technical,0.6479656243810434,0.8019396623402013,0.5539266736565727,0.643291717916395,0.5927044436110047
Technical,0.7589698820770754,0.6022599478591274,1.0,0.7267838044636022,0.706835775985572
Technical,0.615581533305585,0.7279681472154141,0.5676427070463224,0.7704866669592447,0.3962286120013589
Technical,0.7095149794112939,0.6827895337799651,0.8009974557960914,0.7731510388340243,0.5811218892350949
Technical,0.5610313612046394,0.6498248146238577,0.6050109377678087,0.4693341534852576,0.5199555389416335
Technical,0.7392402478075635,0.7607472566441433,0.4478232091329909,0.7835723894109552,0.9648181360421644
Technical,0.6885372453296548,0.854869789082672,0.3961260068091972,0.5031531854267497,1.0
Technical,0.7568942372125722,0.5938495801571828,0.7887638856292456,0.7549268106858673,0.8900366723779933
Technical,0.4247251573933361,0.6910711965907299,0.0517465319861853,0.3951224717331419,0.5609604292632875
Technical,0.6222297561010429,0.5128325227052726,1.0,0.3139717244078734,0.6621147772910259
Technical,0.6636716602914252,0.7196110865929136,0.9882546578132232,0.3128275697641121,0.6339933269954524
Technical,0.6930321216548114,0.7015349591529381,0.5036982697904098,0.6924206948526541,0.8744745628232439
Technical,0.6441810300969633,0.6099674684261808,0.7139604169980037,0.522937280627648,0.7298589543360204
Technical,0.7171960258001187,0.7993196011781569,1.0,0.3524369002346301,0.7170276017876872
Technical,0.6986233130903559,0.4071868300716247,0.6696429809928833,0.7176634412969153,1.0
Technical,0.627129803795986,0.6065950720269109,0.6583755499285449,0.5013998130682334,0.7421487801602549
Technical,0.6679641947881001,0.8274403145531537,0.7714030971930095,0.4614180809478691,0.6115952864583682
Technical,0.7923832753997484,0.7460949281314914,0.862572423767792,0.7259257683847224,0.8349399813149876
Technical,0.6907890916108722,0.6159728439704545,0.8494587210246524,0.7220740530866929,0.5756507483616891
Technical,0.7129206424480535,0.7175991074963173,0.955532979157685,0.481685722232834,0.6968647609053777
Technical,0.7319887097656039,0.6696711021349159,0.6564637593545559,0.8197553703974381,0.7820646071755056
Technical,0.8027838568764294,0.8220264454000957,0.9610957614308656,0.6042007683265518,0.8238124523482044
Technical,0.6986393979573444,0.6534599865109816,0.7648332704976883,0.5739713891264631,0.8022929456942446
Technical,0.7600447029794375,0.789273553815537,0.5363558633533054,1.0,0.7145493947489077
Technical,0.6892309535873714,0.5178717080818401,0.9316221747000136,0.7583325387925872,0.5490973927750447
Technical,0.676492392520229,0.794251826389642,0.6975506454306171,0.4205491257028336,0.7936179725578232
Technical,0.6938522243463412,0.5984257432731832,0.8950239466835502,0.5705885236995722,0.7113706837290589
Technical,0.624452231131876,0.651792123752051,0.7825862908551249,0.487255089439205,0.5761754204811232
Technical,0.6402061753840851,0.7365530817237868,0.7489933142217445,0.498611364925774,0.5766669406650352
Technical,0.5232605303965303,0.7348074906036454,0.4103831317005351,0.3185072451246889,0.6293442541572516
Technical,0.7293672626412171,0.6679829272432228,0.7621815131196009,0.8950712433899104,0.5922333668121346
Technical,0.6500872623694222,0.6760092205054858,0.6961967584194622,0.3994941270724382,0.8286489434803028
Technical,0.6382554392800684,0.6567012041619792,0.7645437120676178,0.4345538112895354,0.6972230296011415
Technical,0.7666007822037447,0.9299108369503866,0.6782479703086284,0.6803423444197882,0.7779019771361758
Technical,0.6976688761230584,0.6398169292171245,0.7448184963620833,0.602518480156359,0.8035215987566668
Technical,0.6758004100762207,0.58404853242168,0.7049020348517885,0.69959965824909,0.7146514147823247
Technical,0.8020231631261069,0.843890623912781,1.0,0.4465304874223901,0.9176715411692562
Technical,0.7491724348244561,0.7275013008607527,1.0,0.4383403429289697,0.8308480955081017
Technical,0.4885506694145416,0.6100911031833967,0.2752208551380385,0.4948489956638477,0.5740417236728835
Technical,0.7630686329342464,0.7225590679714311,0.7683511951554318,0.9752341678431772,0.5861301007669453
Technical,0.668682231852544,0.6134644516506395,0.5203170657303283,0.6983838343013011,0.8425635757279075
Technical,0.7296841818870933,0.9747188148781528,0.9358880241442572,0.506164869579059,0.5019650189469036
Technical,0.7176914925263372,0.9030808561248118,0.6770920309494763,0.8475632623946924,0.4430298206363683
Coding,0.595343614108591,0.610093746556934,0.7010487399436366,0.6093961187529484,0.4608358511808449
Coding,0.6209794215623652,0.7934274898521247,0.486475914123481,0.5715241029957413,0.6324901792781135
Coding,0.6781511817789503,0.7771658251088123,0.8423229756177779,0.3750715816324261,0.7180443447567848
Coding,0.6445749731897601,0.8916515232847764,0.7664628023959182,0.4503026926886893,0.4698828743896566
Coding,0.7998467811417735,0.7173511951439288,0.9358594368127652,0.6135036962820217,0.9326727963283784
Coding,0.8519556217153842,0.9633011263664806,0.6502071703041853,0.794314190190871,1.0
Coding,0.7365816814878228,0.9052947336298522,0.5070153078839791,0.7372102919996879,0.7968063924377721
Coding,0.4876136529946989,0.4361890770365328,0.4633482974668449,0.1921535644479798,0.8587636730274382
Coding,0.7705098173216665,0.8076313383693943,1.0,0.614818956083955,0.6595889748333162
Coding,0.5963727713632763,0.4929847812677662,0.359323512128969,0.5888904602206763,0.9442923318356936
Coding,0.5803482943040622,0.695095787785886,0.2865115799920246,0.5821759920974423,0.757609817340896
Coding,0.622531037300669,0.8004508823245057,0.7733196492193696,0.4120240427345289,0.504329574924272
Coding,0.6606326446904416,0.5411179717166572,0.6874641805453656,0.7910284641002476,0.6229199623994959
Coding,0.590780495062597,0.7756069773276766,0.5939484763255118,0.4414254335475311,0.5521410930496684
Coding,0.544588414514176,0.5447136516370938,0.5892701389305636,0.3604244214822303,0.6839454460068163
Coding,0.7257122958203861,0.7052895327957592,0.5600548984014828,0.6427959821468444,0.9947087699374584
Coding,0.7310850586586345,0.6668545600700165,0.822833340008685,0.7515015420094611,0.6831507925463755
Coding,0.5046643798460683,0.6136272639032979,0.6449896605696711,0.1396157670528829,0.6204248278584208
Coding,0.731986318218905,0.9050311401166786,1.0,0.5501927920887243,0.4727213406702171
Coding,0.8392715124817027,0.7466875231815304,1.0,0.8239149822869154,0.7864835444583649
Coding,0.5642211895774378,0.5566689339099361,0.3787107359484854,0.6406927271734446,0.680812361277885
Coding,0.5068962885490798,0.4866619435603488,0.5706854231514946,0.383690399277121,0.5865473882073544
Coding,0.844927877079496,0.8322459635424175,0.6984054717366764,0.8959888277780051,0.9530712452608848
Coding,0.7475486561712088,0.5708073698007604,1.0,0.7077820087369318,0.7116052461471427
Coding,0.5160446695671679,0.6714491982874587,0.5248763493230485,0.3234400538071327,0.5444130768510315
Coding,0.7395548651936379,0.9864124960705196,0.4202864852361717,0.7125938473381142,0.8389266321297462
Coding,0.5595144670708211,0.6269311924352956,0.5815212151522261,0.4272018460640367,0.6024036146317259
Coding,0.6566698674990521,0.5753574825383443,0.7540913651559678,0.5899523781101725,0.707278244191724
Coding,0.6409368056788208,0.5638654506937603,0.5846457338863333,0.7510782451651512,0.6641577929700385
Coding,0.6996620442960193,0.5533667132802174,0.7198664610858452,0.7502774246743578,0.775137578143657
Coding,0.6281720546545617,0.7815040288569902,0.5674752482108306,0.7141197337186318,0.4495892078317942
Coding,0.4997218282936471,0.4292676849003221,0.3744915124233674,0.6096169893322764,0.5855111265186225
Coding,0.599681340198561,0.5643525062343386,0.8277184917554747,0.267695987546208,0.7389583752582223
Coding,0.5968870282353462,0.5183475700356315,0.569632778439568,0.6094797342632828,0.6900880302029024
Coding,0.6497837128777979,0.6423166683655261,0.901258561842888,0.4846216260953702,0.5709379952074071
Coding,0.7625430870814413,0.5305439718013573,0.8059608355830565,0.88831372413158,0.8253538168097712
Coding,0.5711310962219611,0.5804657116794284,0.815414425436108,0.5593909227914015,0.3292533249809066
Coding,0.6628141533536218,0.6094022219926268,0.7173179574945799,0.5688645529215841,0.7556718810056963
Coding,0.7246188937336749,0.7381631264951819,0.7675205324150404,0.5176246067755065,0.875167309248971
Coding,0.6391672176319474,0.6351162718270569,0.7788904284756594,0.5158031038359474,0.6268590663891259
Coding,0.788121615696808,1.0,0.8742249406863385,0.5347952935664317,0.7434662285344619
Coding,0.5524321532880768,0.6387886940467673,0.2923750929644291,0.3983827378165191,0.8801820883245917
Coding,0.6764063318832231,0.6472729773938036,0.7036836758379102,0.9352874624550566,0.4193812118461216
Coding,0.6099570202946039,0.6671349206786703,0.8658811162366978,0.1577729381984229,0.7490391060646243
Coding,0.6960013805711868,0.815629779083045,0.4042827508440316,0.8287508086413858,0.7353421837162848
Coding,0.8037594118150747,0.6377068129148797,0.826556373221257,1.0,0.750774461124162
Coding,0.6256679931007043,0.7372330879450504,0.6081278200919511,0.4300311261070416,0.7272799382587742
Coding,0.6537298891715404,0.5715874261136699,0.7143132474438785,0.5044685106469766,0.8245503724816368
Coding,0.7318502496839079,0.7500493157930422,0.9075079888515798,0.4979967202290505,0.7718469738619588
Coding,0.624826412233099,0.5531854426326539,0.6111413479847776,0.6754600986089704,0.6595187597059943
Coding,0.7800680624130703,0.5616752013733561,0.8739211840211321,0.8711275717609901,0.8135482924968027
Coding,0.6599614567210668,0.98151937188371,0.5452421601792854,0.3510690593377166,0.7620152354835551
Coding,0.6943387016191139,0.9244066467233774,0.8308731312708115,0.588883065817909,0.4331919626643581
Coding,0.7247540433120655,0.5311766429052435,1.0,0.6258442363950455,0.741995293947973
Coding,0.7415632159946767,0.8088649935848038,0.7962018463473426,0.6447768048558262,0.7164092191907339
Coding,0.8053082736211494,0.7707202535703993,1.0,0.8690840092309955,0.5814288316832031
Coding,0.6598043236148965,0.6233176485353222,0.5020790359482837,0.5748426159800704,0.9389779939959096
Coding,0.7099761506407762,0.8641287277706422,0.3615070740570361,0.9059100638921228,0.7083587368433042
Coding,0.5197186113239627,0.6359678395078869,0.4975791249479664,0.2690286656268461,0.6762988152131515
Coding,0.5793663370779034,0.7109976950782605,0.4420078200517892,0.3409842455872767,0.8234755875942872
Coding,0.6368596657508868,0.9503532287934088,0.648081729727279,0.2993714093763787,0.6496322951064807
Coding,0.5179984257582702,0.6590914645378494,0.1606226714116856,0.5891410266964375,0.6631385403871083
Coding,0.8237759452750656,0.8044309547220128,1.0,0.8253130059095515,0.6653598204686982
Coding,0.7013828742271055,0.5340211136887494,1.0,0.6118436868028976,0.6596666964167753
Coding,0.6773038751223059,0.6963812369334995,0.7396169521535709,0.5711279176152115,0.7020893937869419
Coding,0.6041715623779883,0.6179711588139412,0.6934493459568003,0.491315045773247,0.6139506989679645
Coding,0.7147102052461441,0.7159645341537845,0.6490045565158289,0.9007985977165376,0.5930731325984253
Coding,0.5751548871368283,0.8637260277883692,0.9492170384995258,0.18532195351837,0.3023545287410482
Coding,0.5389537636317099,0.6442838701006313,0.4184976610564357,0.4444366624818249,0.6485968608879477
Coding,0.8094252218304983,0.9628405665135432,0.8871356786294922,0.8543110189988317,0.5334136231801256
Coding,0.6579659757283823,0.5306422343174155,0.5950959467440452,0.6978749122455836,0.8082508096064852
Coding,0.6251503380126299,0.8069497645258582,0.651934920368373,0.5250358384900805,0.5166808286662081
Coding,0.7582390548656157,0.7666394967229059,0.627806766836184,0.8318659606728496,0.8066439952305237
Coding,0.6717354514081334,0.7923903410416395,0.8186202515936767,0.5380907121372019,0.5378405008600153
Coding,0.6772694733578261,0.5123329635422045,0.8848054038413802,0.5630195727114021,0.7489199533363177
Coding,0.5890954833541033,0.8573513838755333,0.5591312618914481,0.318307740727288,0.621591546922144
Coding,0.6630700206427191,0.7909014927018458,0.4439141295007433,0.950958836396873,0.4665056239714144
Coding,0.6662599787818482,0.9544684552435057,0.7422034934405236,0.5806573776259215,0.3877105888174416
Coding,0.7228164975124507,0.7598704171528106,0.6924730595150302,0.8206603764033042,0.6182621369786575
Coding,0.6638919610829007,0.7225452642192816,0.6272775575572288,0.5886108752557865,0.7171341472993059
Coding,0.5921651852046788,0.4434747411015061,0.4303629155788573,0.7486528188045429,0.7461702653338088
Coding,0.6928088607379255,0.6724024995470981,0.7036867866130786,0.6695163410723342,0.7256298157191913
Coding,0.5864462086599446,0.5832542911896531,0.7391690510195362,0.4043254444769936,0.6190360479535957
Coding,0.701550249167308,0.4446124593643239,0.9058311274651288,0.6945194964826086,0.7612379133571707
Coding,0.8471705301856336,0.8474036475918271,1.0,0.802874013003626,0.7384044601470813
Coding,0.5280467036982321,0.5080634549896448,0.5750362844608642,0.6052182100421667,0.4238688653002532
Coding,0.638766011880525,0.5911384280269801,0.7373533528954156,0.4489234135293354,0.7776488530703685
Coding,0.4855723986696316,0.4890008354727666,0.5153533507778191,0.3296630788767332,0.6082723295512077
Coding,0.7304463759445468,0.8580462694911759,0.5101202222336113,1.0,0.5536190120534
Coding,0.69252838088298,0.727725418554231,0.5283284439637572,0.7400619758817982,0.7739976851321333
Coding,0.728185954579052,0.7183014721968042,1.0,0.58078802005507,0.6136543260643339
Coding,0.7785192410504195,0.5945235362311169,0.6930023019006076,0.954160127127102,0.8723909989428513
Coding,0.7267198142359039,0.9718672836995392,0.8415503870910951,0.4875066448211465,0.6059549413318348
Coding,0.6877653441919214,0.8458831674440095,0.8243619924434392,0.2859550560219087,0.7948611608583281
Coding,0.6657623404959176,0.6628722046672743,0.6851133141799907,0.7241344195101356,0.5909294236262697
Coding,0.6811275538978575,0.4996983461934847,0.7760395702011926,0.7221171490567646,0.726655150139988
Coding,0.8011765306945793,0.8621171088331933,0.8667844309097807,0.6918360158456873,0.7839685671896559
Coding,0.6419480461282359,0.4508558599726012,0.7859236438265171,0.6415375374326222,0.6894751432812029
Coding,0.635910950447797,0.5084877136269536,0.4837886919183475,0.8106305706665807,0.740736825579306
Coding,0.7019766836631591,0.8022251046058936,0.7056636752260922,0.605951227899149,0.6940667269215017
Aptitude,0.6725262398277454,0.6225932907673939,0.7192241553881966,0.5075449422589915,0.8407425708963996
Aptitude,0.6342816943397259,0.653624181479704,0.7444267543267425,0.5042502756673045,0.6348255658851526
Aptitude,0.6572129457539989,0.5658089046670743,0.6626256711677282,0.512053788345165,0.8883634188360281
Aptitude,0.7139466831040322,0.7294832164767362,0.9063689078937268,0.3028879253926055,0.91704668265306
Aptitude,0.7757637580230148,0.8334446193435155,0.7164567978550848,0.8130960750130702,0.7400575398803888
Aptitude,0.7653102841062123,0.9114021160278368,1.0,0.5274322879120682,0.6224067324849442
Aptitude,0.7616525719817213,0.9180076715676552,1.0,0.4954279945693463,0.6331746217898842
Aptitude,0.5355209486507125,0.6577323086709239,0.4311098977931445,0.4162696107031603,0.6369719774356214
Aptitude,0.6185288048128795,0.5848303652343807,0.6930630225226437,0.6468429465073041,0.5493788849871898
Aptitude,0.7342221696653769,0.5502468938891814,0.8968644796953167,0.5572022311548982,0.9325750739221116
Aptitude,0.661435228075369,0.8012229238249905,0.4754555956875402,0.6764819492368102,0.692580443552135
Aptitude,0.8141673124036861,0.7738676896012223,0.7578337287815635,1.0,0.7249678312319584
Aptitude,0.5722414824987565,0.6203504567497273,0.575371894715047,0.488904576167949,0.6043390023623025
Aptitude,0.7381740003545576,0.8783524796661327,0.984100849597971,0.4858507412501047,0.6043919309040223
Aptitude,0.6655001880468085,0.7707123334579605,0.5895553911438057,0.7265863635511022,0.5751466640343657
Aptitude,0.7905630926243036,0.4726383827504151,1.0,0.9591755346191044,0.730438453127695
Aptitude,0.6684977246448325,0.6418447660096024,0.7571730781449809,0.666891357997405,0.608081696427342
Aptitude,0.725933186623606,1.0,0.6646105545011901,0.4403405510923092,0.7987816409009245
Aptitude,0.6839371969838328,0.5903604940087122,0.6933746054252405,0.9589115727035576,0.4931021157978209
Aptitude,0.7225801433413688,0.7335681927458347,0.6967154207854496,0.8376786546896168,0.6223583051445742
Aptitude,0.7578284927430304,0.6203696840619519,0.6021121114963555,0.8088321754138144,1.0
Aptitude,0.781054260303033,0.977006098860405,0.8167856370651927,0.5281415818425881,0.8022837234439466
Aptitude,0.8051137510380537,0.8663055370874361,0.8640964362394727,0.7014548062214595,0.7885982246038463
Aptitude,0.8603923294326645,0.8753943385668509,0.9764317982075056,0.7297419775179286,0.860001203438373
Aptitude,0.6937135000054235,0.7220070529649983,0.9413017933016712,0.4366128658025527,0.6749322879524718
Aptitude,0.7394348778975637,0.6409991781508959,0.7057489645869635,0.8556903725214597,0.7553009963309352
Aptitude,0.653227456858967,0.7069654822234223,0.4280287718040161,0.7492507132054441,0.7286648602029855
Aptitude,0.7697742614283372,1.0,0.6384443530093998,0.6438300655327878,0.7968226271711613
Aptitude,0.7526926857994529,0.9366179919645212,0.6809408935226096,0.6558043051540678,0.7374075525566133
Aptitude,0.6921767801501226,0.7279913684734537,0.6107132770898943,0.6388179985796615,0.7911844764574808
Aptitude,0.6484093098522118,0.5460227050883409,0.7265939348293752,0.4599758370121653,0.8610447624789658
Aptitude,0.6536092410449366,0.4715219642824337,0.5882156305456823,0.6754423750129042,0.8792569943387263
Aptitude,0.7975393934434203,0.6901374608390518,0.5889600946613602,0.976231413888118,0.934828604385151
Aptitude,0.5351422666461738,0.3701791065069876,0.7880028900106665,0.4995891551294777,0.4827979149375633
Aptitude,0.6472532402830475,0.806253467094903,0.7487601427542397,0.4871842738526543,0.546815077430393
Aptitude,0.6872570005693107,0.8308685992420216,0.8300402355917321,0.5801648272441234,0.5079543401993658
Aptitude,0.5932490465742575,0.539487285051077,0.3948949658150522,0.461618386023751,0.9769955494071498
Aptitude,0.6879567206691681,0.7365009173984037,0.651752788428734,0.6704110793028594,0.6931620975466752
Aptitude,0.7339656769053835,0.9165646906109888,0.6835697643214862,0.8234591663176255,0.5122690863714333
Aptitude,0.7558542382199067,0.7685129828730676,0.8139534560464408,0.689541712003463,0.7514088019566556
Aptitude,0.7942215697394981,0.8993728795198647,0.739304233940294,0.7418007515177024,0.7964084139801315
Aptitude,0.7818667135861614,0.9160175823174208,0.564721539588146,0.9601880865821631,0.686539645856916
Aptitude,0.5921926483932056,0.4853837346822927,0.7256208829821578,0.4637896685050238,0.6939763074033485
Aptitude,0.565264525655222,0.6021064031046414,0.610763313357044,0.2220918538108937,0.8260965323483086
Aptitude,0.5259686299125024,0.3364181010056564,0.3832194353028553,0.7520829312288595,0.6321540521126384
Aptitude,0.6696877895527826,0.7638186342677447,0.5066047713741574,0.590457728771604,0.8178700237976247
Aptitude,0.7502943434681668,0.5262452966211185,1.0,0.7754724581151342,0.6994596191364147
Aptitude,0.5760544594198456,0.7040328758491796,0.7416765615895105,0.1916530263151418,0.6668553739255504
Aptitude,0.5760204237165166,0.5977023628003302,0.4996759980210168,0.543779941422809,0.6629233926219105
Aptitude,0.766515041633038,0.7961264291900514,0.5857642020434406,0.7145165562712317,0.9696529790274284
Aptitude,0.7327842715919339,0.8386950524369152,0.7119260739840347,0.4706126444588852,0.9099033154879004
Aptitude,0.7924573272993102,0.7590228078132624,0.8790386440055464,0.7270343603363939,0.8047334970420384
Aptitude,0.7700365899072901,0.6197147182659147,0.9634788131268652,0.6395199209384799,0.8574329072979002
Aptitude,0.8090509959947736,0.5966218272865648,1.0,0.6395821566925295,1.0
Aptitude,0.6376170379978009,0.6274171248918518,0.6359305383611359,0.6848331892803833,0.6022872994578327
Aptitude,0.7718748510405853,0.6139449994092131,0.6951290815478034,1.0,0.7784253232053249
Aptitude,0.764046746735876,0.7654485504511048,0.70760069563364,0.6240062653436522,0.9591314755151066
Aptitude,0.5633541722174037,0.5465811152202391,0.648524692515331,0.2662831852244821,0.7920276959095625
Aptitude,0.7687807298860837,0.7970793909554111,0.6033627075401251,0.9147973526580064,0.7598834683907918
Aptitude,0.6376972356881503,0.4803437679685269,0.7448903637119944,0.8094196605224309,0.5161351505496488
Aptitude,0.7729477467686143,0.6311673605696589,0.9157361666862592,0.5922983060998586,0.9525891537186802
Aptitude,0.6554602599794279,0.8325489906230008,0.8304645756826838,0.28472156860315,0.674105905008877
Aptitude,0.7706357304916445,0.9070137031221176,0.5748874596980941,0.6791607066874819,0.9214810524588845
Aptitude,0.6422049721148256,0.7391010648735861,0.5899389692309159,0.4656753264123896,0.7741045279424108
Aptitude,0.7266683516854633,0.8759093528889046,0.8087200309188864,0.5258771335827788,0.6961668893512831
Aptitude,0.5675709494553852,0.2727186069054886,0.9297531400744208,0.25205724424438,0.8157548065972516
Aptitude,0.6127281092317828,0.5320495158060784,0.4410637048558188,0.8321653574757039,0.6456338587895302
Aptitude,0.6919611129329027,0.7519755822596074,0.6906158842241631,0.6954081654446242,0.6298448198032163
Aptitude,0.6548941243219796,0.5075511663717145,0.899253363889428,0.5012486833677374,0.7115232836590383
Aptitude,0.7180849473697123,0.6357827258551131,1.0,0.7700443484226985,0.4665127152010373
Aptitude,0.7327466284868951,0.6476113443522357,0.6356729897565234,1.0,0.6477021798388211
Aptitude,0.7689027718812662,0.7645062470786604,0.9060566908063684,0.6477578318053027,0.757290317834733
Aptitude,0.6524816253948417,0.6705475226372533,0.6856797481171871,0.5925555526980316,0.6611436781268945
Aptitude,0.7368302534595104,0.7077918828710948,0.8465280154431158,0.5838566839782835,0.8091444315455469
Aptitude,0.666157101496923,0.4002698973201838,0.8832655349404963,0.6692976951795985,0.7117952785474135
Aptitude,0.6718363210297149,0.2655616932709466,1.0,0.5720820743689652,0.8497015164789478
Aptitude,0.6555283004548952,0.5440141109311704,0.8225547810125139,0.3893168873652687,0.8662274225106275
Aptitude,0.7247223633647306,0.987104703080018,0.6618635198473306,0.6434865746359446,0.6064346558956292
Aptitude,0.751984606080291,0.7743522831958907,0.7300837810287153,0.672992200493245,0.8305101596033131
Aptitude,0.8104269672473694,0.6913571804449622,0.7402198093429935,0.8101308792015224,1.0
Aptitude,0.7357571244093737,0.878054545834057,0.8277460444058369,0.3713990174539032,0.8658288899436976
Aptitude,0.670683710984074,0.5280481910471968,0.7605270930478066,0.4491448299961283,0.9450147298451644
Aptitude,0.7220873008734212,0.749314361545522,0.7642714430900546,0.684384150847057,0.6903792480110511
Aptitude,0.7885182355463588,0.7680301452270969,0.6511686729418702,0.7928174336576714,0.942056690358797
Aptitude,0.7384984908750747,0.5158588277294511,0.8194800139699716,0.7402345484621796,0.878420573338696
Aptitude,0.7142064174451367,0.9063560219967428,0.6699888825934947,0.6251152906943084,0.6553654744960011
Aptitude,0.542277722399185,0.70233685713722,0.4807449826209595,0.311989823481141,0.6740392263574195
Aptitude,0.5457937661559981,0.5729557977522508,0.5017215301087385,0.169321977279257,0.9391757594837458
Aptitude,0.7269139216759941,0.5015365309888752,1.0,0.8019634178685269,0.6041557378465746
Aptitude,0.7570410672299839,1.0,0.8963530973983188,0.5350337232982755,0.5967774482233414
Aptitude,0.5045237250062166,1.0,0.4220855066472807,0.2709202506086215,0.325089142768964
Aptitude,0.8857554881285054,1.0,0.9768545637021036,0.712781824010472,0.853385564801446
Aptitude,0.7813123719545169,0.8280123338170461,0.851785717957353,0.6562382847938751,0.7892131512497929
Aptitude,0.6248283158152907,0.6906110308150716,0.5492070822266647,0.5438649846266451,0.7156301655927814
Aptitude,0.5032173622445355,0.6852490559807874,0.5022817785698165,0.3792821365568458,0.4460564778706921
Aptitude,0.7013369165251347,0.90880034295169,0.8836633212004625,0.2858998792753645,0.7269841226730217
Aptitude,0.6128118372514036,0.8411156781982323,0.5035025212923381,0.5550733700005951,0.5515557795144493
Aptitude,0.5978815372174221,0.5547483317704547,0.7210751012291919,0.333194901016359,0.7825078148536827
Aptitude,0.606814586103611,0.7479672901213805,0.3814012532936661,0.6880949475920798,0.6097948534073179
Aptitude,0.7743846840328178,0.7828734931625722,0.7447828268129323,0.8728280859947688,0.6970543301609978
HR,0.6968729876605331,0.635589168831212,0.7244595006064567,0.7086596058072776,0.718783675397186
HR,0.6101098107894742,0.7060887536805823,0.5596016624386488,0.4674198164898103,0.7073290105488556
HR,0.5911730085176621,0.9624365114780408,0.4512273529217429,0.4614189604408185,0.4896092092300459
HR,0.729259011395657,0.8342386565416662,0.6410100643415944,0.8495484145347467,0.5922389101646204
HR,0.7184390300112595,0.7418491243335702,0.5329305893480485,1.0,0.5989764063634196
HR,0.6944621348390866,0.7464731065340541,0.8267553761864197,0.6827598194902996,0.5218602371455731
HR,0.6580239100696134,0.680526895039986,0.7087622943958218,0.5705995996743023,0.6722068511683437
HR,0.6897807286504635,1.0,0.5885016429984332,0.3260394040841844,0.8445818675192364
HR,0.7884615350605447,1.0,0.5392650864060538,0.9278233610888136,0.6867576927473117
HR,0.8270232065795073,0.6169617637438007,0.8137966158370551,0.9256793246257076,0.951655122111466
HR,0.5733265639770551,0.6694629459846457,0.5836638172102712,0.3970486538614266,0.6431308388518769
HR,0.5679598439164693,0.5164089599856615,0.7068166936518452,0.4460053537882716,0.6026083682400989
HR,0.6836413446506862,0.4666156530694558,0.7661760464428914,0.7667057923217849,0.7350678867686121
HR,0.6151634334619588,0.7561084854771358,0.9455337984946584,0.3580717962617589,0.4009396536142816
HR,0.7153956306868348,0.7628528514049068,0.5589976288483182,0.5888461844684588,0.9508858580256554
HR,0.6796915813658801,0.7114008087118617,0.8077511984892738,0.4158652813841267,0.7837490368782583
HR,0.5775800521267417,0.4879428254642529,0.6777547877302599,0.419218471707042,0.7254041236054116
HR,0.7787935332983476,0.8854139762815656,0.9182620241188536,0.7218276241814354,0.589670508611535
HR,0.6899136851421775,0.6525387325457797,0.9426195399958366,0.628343382727981,0.5361530852991131
HR,0.7588960515916654,0.7589976759091557,0.7384098232980063,0.5381767071594997,1.0
HR,0.757530714739224,0.6771295245429184,0.841621735337718,0.7913404633589168,0.7200311357173423
HR,0.5291934571629975,0.5003150569663333,0.3327589253793406,0.7015982653825087,0.5821015809238075
HR,0.6723192852593098,0.3770664110571275,0.7777157209061928,1.0,0.5344950090739189
HR,0.7053627301270116,0.8257736161677462,0.7163658717095129,0.5802220693617715,0.6990893632690159
HR,0.7280345787183626,0.6564588183717023,0.7534784628143806,0.6643395612392027,0.8378614724481652
HR,0.6406129502865925,0.8488063524304783,0.6650080486609182,0.448850968101431,0.5997864319535426
HR,0.6623796778529725,0.5652298027313444,0.7056362314738256,0.5981762006711593,0.7804764765355605
HR,0.7731592344744396,0.7712047349319928,0.6949946082509711,0.7635532598400574,0.8628843348747367
HR,0.682976488951005,0.7836715459527793,0.7020705239686761,0.3376327535299681,0.908531132352597
HR,0.583788135964137,0.6542162943467998,0.5780975595681433,0.5626057394029108,0.540232950538694
HR,0.7177879937603744,0.7794539131535095,0.6859002443881818,0.6973003287652404,0.7084974887345661
HR,0.5491666468400909,0.4036800150469192,0.5121329212362491,0.5711824888556769,0.7096711622215179
HR,0.7880718671031819,0.7899893094994306,1.0,0.8437523703394634,0.5185457885738338
HR,0.7134771967761939,0.9236089205274928,0.7297334914404223,0.5325828057763922,0.6679835693604688
HR,0.6297667570656228,0.6546295470267807,0.6223646362917542,0.6340832444750976,0.607989600468859
HR,0.7625149722717575,0.7004569030230121,0.7873876339492699,0.8381292549572683,0.7240860971574796
HR,0.5739445450790441,0.4772653047325144,0.189215773019609,0.7868639822478547,0.8424331203161985
HR,0.4667086730564771,0.6662851897160974,0.465977394788128,0.239603912483996,0.4949681952376867
HR,0.5653955361754472,0.813873274045397,0.584697919854656,0.0817915415710179,0.7812194092307182
HR,0.6044309009433787,0.758770600810382,0.4042176862451742,0.6366719839558311,0.6180633327621275
HR,0.6534748832676833,0.7868937249401632,0.7239160736828306,0.4053862118236888,0.6977035226240507
HR,0.6658979473947506,0.6762205640459544,0.6945390920980136,0.4133464081853607,0.8794857252496736
HR,0.7021349348152557,0.5672795928959649,0.6654107880153154,0.9423416960284688,0.6335076623212734
HR,0.6261374872367834,0.4579657903184888,0.9942340654987216,0.5581352645696267,0.4942148285602965
HR,0.7499259067681094,0.8559857031094114,0.5788768920526272,0.9652019427093872,0.5996390892010125
HR,0.7268397962195917,0.6268132887781446,1.0,0.4788570153993323,0.8016888807008903
HR,0.857214672521875,0.7448938870609737,0.9603482578797596,0.9123022393453706,0.811314305801396
HR,0.6370598241113348,0.5869873194480725,0.7919944285878232,0.4644569260495788,0.704800622359865
HR,0.7460880126432426,0.7204802996624106,0.6269356897375782,0.6369360611729816,1.0
HR,0.6152232191471384,0.5542578942234022,0.940082781588885,0.4686211442057208,0.4979310565705455
HR,0.7510981896356037,0.7804979128790929,0.9371408309325994,0.7437906621330134,0.542963352597709
HR,0.6879481216570454,0.5864807367145808,0.4156378666516312,0.9002667303910974,0.8494071528708724
HR,0.7477144754888415,0.6623750475317428,0.9656388283698116,0.711246001880132,0.6515980241736796
HR,0.781311886338115,1.0,0.5712963539239714,0.7855680256162474,0.7683831658122411
HR,0.787601990455494,0.7402888418294885,1.0,0.7015671512579247,0.7085519687345626
HR,0.6751970082693841,0.8608761005964702,0.6270094540914228,0.4321580665321987,0.7807444118574449
HR,0.581920864836527,0.4050465115935997,1.0,0.3793583268556633,0.543278620896845
HR,0.7124796858871189,0.6584780050166619,0.7614813395618201,0.7631474425078594,0.6668119564621342
HR,0.6911752637022497,0.6125383842146592,0.6665756572427176,0.6565159900976599,0.8290710232539618
HR,0.7872421787532701,0.9411018364029988,0.7981949903276502,0.7469755572099634,0.6626963310724678
HR,0.6880727977681206,0.8760210786227987,0.7362043117407413,0.3406336104088306,0.7994321903001118
HR,0.6684497815237972,0.6022964659312255,0.5942766636500486,0.7172728037510187,0.7599531927628962
HR,0.8227856971680738,0.7031907365104092,0.7617666025197927,0.9404429889270476,0.8857424607150453
HR,0.6992655885546076,1.0,0.8131019291263089,0.2478474481688364,0.7361129769232851
HR,0.8156904554921593,0.7571737577324166,0.9579505508165492,0.7346362702539917,0.8130012431656798
HR,0.570919531164991,0.5163552645565951,0.6581953485427949,0.4298959091581399,0.6792316024024339
HR,0.7700356372892448,0.7882867606630914,1.0,0.6789343059645963,0.6129214825292916
HR,0.6761694143482493,0.766690400233021,0.9393262973291302,0.4780434191361235,0.5206175406947223
HR,0.6636942695901913,0.7022032292093795,0.5430203373835519,0.7296560867687718,0.6798974249990622
HR,0.6199493871674462,0.7629298665860541,0.52250156443958,0.5125083399353179,0.6818577777088327
HR,0.74312624843437,0.6440750271862349,1.0,0.5200727628770795,0.8083572036741656
HR,0.5594391061652462,0.8398886247809634,0.4163268534133936,0.2478382376038447,0.7337027088627829
HR,0.7375418847875184,0.8893876155140773,0.5896283708215107,1.0,0.4711515528144857
HR,0.8357613889202368,0.7276826954795556,1.0,1.0,0.6153628602013916
HR,0.8761432073978751,0.8812549345889713,0.9048125051622924,0.7185053898402366,1.0
HR,0.6424404089522658,0.6173221425507199,0.5363602233155385,0.5993251085178095,0.8167541614249956
HR,0.7342066576069037,0.6320157926009087,0.8392774894913431,0.7910610417141022,0.6744723066212607
HR,0.6669552076048555,0.9216295121582893,0.4716621771732989,0.5612681081440564,0.7132610329437771
HR,0.5679026301258558,0.420019507439041,0.6834638628314601,0.5756504983233433,0.5924766519095792
HR,0.7969050906426332,0.7946217526832166,0.4951626351341589,0.9708185132668375,0.9270174614863196
HR,0.6833212606836082,0.7873146555202923,0.6547031802300336,0.408112152655304,0.8831550543288029
HR,0.8540324955498519,0.8633122929556278,1.0,0.9086487056544378,0.644168983589342
HR,0.5333048370020944,0.5320573850066483,0.7281772493822407,0.2463121268874296,0.6266725867320588
HR,0.5785467138389773,0.6778596120551996,0.6067926996263515,0.2810593865466408,0.7484751571277172
HR,0.4721747700594458,0.6200948740507133,0.4660166328579423,0.02554755734367,0.7770400159854575
HR,0.7925728131064029,0.9658377395004616,1.0,0.5085807486827456,0.6958727642424045
HR,0.6351664053708053,0.7703161384112536,0.5003229121623416,0.6603583799638931,0.6096681909457329
HR,0.7345466150022414,0.8840399835826461,0.6799691847040094,0.5592652499646068,0.8149120417577035
HR,0.6181119704658666,0.575967946894021,0.6547042216196945,0.6734731013632356,0.5683026119865158
HR,0.7402184612290815,0.5795231573979482,0.9985377137919044,0.5457752797914862,0.8370376939349874
HR,0.5691685452982956,0.5879182481278264,0.2151519479454116,0.77680907927221,0.6967949058477345
HR,0.7212283594954818,0.657800866432268,0.7133981434449743,0.7031878435408199,0.810526584563865
HR,0.5735638177888974,0.6206420983980557,0.8588529359243654,0.3491421153661501,0.4656181214670185
HR,0.6566760297896731,0.4965127293064892,0.7932859964867052,0.5928717035405032,0.7440336898249944
HR,0.5808680820050658,0.8747109031685757,0.5530816846403901,0.4379495125971238,0.4577302276141735
HR,0.6778881470432159,0.8722956024143073,0.4968356362043206,0.6123359699695943,0.7300853795846414
HR,0.7075427648444595,0.8039658410894716,0.735288311055445,0.5265944321833356,0.7643224750495858
HR,0.4475212875659013,0.7129215824569561,0.4855721976028785,0.0157299033010784,0.575861466902692
HR,0.5566353921840561,0.8355902261629292,0.2274135128916322,0.3980538590580125,0.7654839706236501
HR,0.7378578231100085,1.0,0.7041587415350815,0.4543994117541731,0.7928731391507796
Reverse,0.6474414398878859,0.9062314628722276,0.5708071641750929,0.4401615986699492,0.672565533834274
Reverse,0.7085147338316898,0.5570007087611931,0.7245340631989591,0.924935691693912,0.627588471672695
Reverse,0.5849021125315053,0.6621469746810568,0.6416377462168912,0.2873618382606685,0.7484618909674043
Reverse,0.7961737260755071,0.6883244204480796,0.6639040172818749,1.0,0.8324664665720738
Reverse,0.6941154753347044,0.5872313424857223,0.6147284807588913,0.8296891418393509,0.7448129362548529
Reverse,0.6378664586600753,0.4842583032523949,0.8838457869150407,0.4663711828922011,0.7169905615806647
Reverse,0.8274351923762754,0.8620072098571973,0.6105356208682498,0.8562032723470225,0.9809946664326318
Reverse,0.6914424025770408,0.8279160512683329,0.7969465634588949,0.4307286690018252,0.7101783265791104
Reverse,0.6525692221799618,0.8544941226371742,0.6330449335786917,0.5192703073516006,0.6034675251523807
Reverse,0.6766912225214403,0.7635398598390191,1.0,0.3864934171491454,0.556731613097597
Reverse,0.7475030207035079,0.9118330833123144,0.684071721750857,0.6904743592499467,0.7036329185009137
Reverse,0.6911510453735445,0.7642460645811473,0.6625711469990903,0.7971459991359726,0.540640970777968
Reverse,0.8397984514234652,1.0,0.8159266346427151,0.6651592633164333,0.8781079077347126
Reverse,0.6711997969948824,0.6470250560783967,0.7676967686923382,0.5409197179721941,0.7291576452366003
Reverse,0.7373939939878793,0.8976396303411939,0.4986914869440717,0.8279757122258091,0.725269146440442
Reverse,0.5834804009579281,0.6822897209513381,0.275629020198281,0.4784356025811135,0.8975672601009798
Reverse,0.6475758854836771,0.6965697906551677,0.5001395535410178,0.4990450157543565,0.8945491819841663
Reverse,0.6967379342522533,0.7820100352302068,0.6522135801660611,0.5266351176370625,0.8260930039756829
Reverse,0.6846026640315959,0.5616384723252246,1.0,0.5355359061577321,0.6412362776434267
Reverse,0.8060273257495437,0.9281974077883676,0.899662179629592,0.5136759374563903,0.8825737781238244
Reverse,0.6602654141975373,0.6963706590413625,0.5192596278539743,0.6648718563443206,0.7605595135504913
Reverse,0.6621511028275382,0.8781519082692345,0.6070765405403213,0.6402319311745679,0.5231440313260296
Reverse,0.6815038659117149,0.6611642539443884,0.8173387602950549,0.5050192686754951,0.7424931807319213
Reverse,0.7604648395756285,0.4981030479629876,0.7252759159092823,0.9877857998116568,0.8306945946185866
Reverse,0.6467466205125346,0.5983382544212722,0.802781569931783,0.6359163563879195,0.5499503013091638
Reverse,0.7937142116291954,0.7733780695221495,0.8269442937123539,0.8219399683912446,0.7525945148910338
Reverse,0.8099438193915212,0.6638113518072186,0.8345147402405462,0.9799763869790432,0.7614727985392769
Reverse,0.6828163608521731,0.5538206042994037,0.9214161338573944,0.5759237672092803,0.680104938042614
Reverse,0.5940101315047102,0.8271132515725632,0.5929343628092154,0.5818933435391678,0.3740995680978945
Reverse,0.7082912727165128,0.72857495196686,0.8418903634278079,0.5129027258860313,0.7497970495853521
Reverse,0.7522173652672339,0.6610679983624124,0.8477620961775005,0.7230734968026107,0.7769658697264124
Reverse,0.6942500956882462,0.8628973174262548,0.5928073109771903,0.761611559656229,0.5596841946933107
Reverse,0.7290660232078648,0.9757275515192684,0.6553068035256295,0.5301366407763605,0.755093097010201
Reverse,0.6220840875981978,0.6545230325748587,0.85998838038841,0.2767378783126824,0.6970870591168401
Reverse,0.728490347950567,0.539829561763121,0.8900615183947151,0.9421226745163852,0.5419476371280468
Reverse,0.726348862971288,0.6746767415214984,0.7140104326226362,0.8323756605216381,0.6843326172193792
Reverse,0.7229776843065217,0.7357553474102178,0.895039525956486,0.700218833987969,0.5608970298714139
Reverse,0.6183806904203042,0.8501569138850711,0.1593535414001524,0.7355750639061815,0.7284372424898115
Reverse,0.6760664854850014,0.4254050654715314,0.8022405199049961,0.8747317090325915,0.6018886475308864
Reverse,0.8463241989007741,0.8429311820804408,1.0,0.8629828907168094,0.6793827228058462
Reverse,0.6880018421168443,0.8113191236607837,0.7150867277803186,0.2796068376205662,0.9459946794057088
Reverse,0.7003566187491529,0.5735130107025712,1.0,0.5648228375135327,0.6630906267805077
Reverse,0.787233556196096,0.7827228064060701,0.7087204892744907,0.9390102080861508,0.7184807210176728
Reverse,0.5558237736604169,0.7291911182855864,0.5515058828603903,0.3359954977558588,0.6066025957398322
Reverse,0.5945836189821805,0.6944444804427381,0.6141395550965479,0.4615158040252287,0.6082346363642072
Reverse,0.5819134156216601,0.6875341641056958,0.3990559251937995,0.7520111927379205,0.4890523804492249
Reverse,0.5703650353730866,0.4813672750802603,0.6381581845900273,0.4495687188818833,0.7123659629401754
Reverse,0.6492286163416707,0.9010675669034716,0.324965506070851,0.6230052158294834,0.747876176562877
Reverse,0.6672316378580869,0.8007010114675698,0.7426393256475378,0.4496061336522361,0.6759800806650039
Reverse,0.6880504471458979,0.5805961214794766,0.9152014277197196,0.6042623297343884,0.6521419096500072
Reverse,0.632913812221525,0.6909008779278069,0.5583186466179074,0.2972571214774345,0.985178602862951
Reverse,0.5867697479897671,0.4623796085491765,0.7534253302022966,0.7017450046459868,0.4295290485616082
Reverse,0.6324558834667547,0.8342557471114173,0.6033877896633121,0.6293586023971098,0.4628213946951799
Reverse,0.7111036042384797,0.8345258973798297,0.6462938704188335,0.4217615549169424,0.9418330942383136
Reverse,0.5074231846796163,0.5921270021136369,0.6577739522344611,0.4025640945697631,0.3772276898006042
Reverse,0.6292168812134155,0.7115277824438152,0.6550288036383842,0.469999483835308,0.6803114549361542
Reverse,0.7139239896727763,0.7662910974354114,0.4819201845114307,0.8821864759492539,0.7252982007950091
Reverse,0.7190813336257749,0.7028274434417271,0.8416428846513114,0.6466432262527003,0.6852117801573607
Reverse,0.7089630874950983,0.7430686247802736,0.5775125250719124,0.6723007050412203,0.8429704950869867
Reverse,0.6241139137962448,0.7162839558664784,0.6933540018711079,0.5583766285454921,0.5284410689019007
Reverse,0.5768165037848862,0.4177226431753541,0.5902550184518076,0.6185689802282229,0.6807193732841603
Reverse,0.6624334465476889,0.5458487288611062,0.95314156817294,0.4267650303570998,0.72397845879961
Reverse,0.7838286127282262,0.7640791542807527,0.5707545380312393,0.9550621785219024,0.8454185800790105
Reverse,0.6812050057678236,0.8378731260415002,0.9001164636085957,0.465875958184671,0.5209544752365279
Reverse,0.7452914778575055,0.6624930228101571,0.7577387258559714,0.6520643677542441,0.9088697950096492
Reverse,0.6526165698040478,0.8216212409739673,0.8586977441104425,0.2502936053523638,0.6798536887794178
Reverse,0.769531876615055,0.4506262017946488,0.9065092408683314,0.8253410273655166,0.8956510364317228
Reverse,0.5526519381298995,0.6383778568068122,0.4788590663028128,0.5570157939422529,0.5363550354677202
Reverse,0.8279856121486132,0.8169490798404009,0.9620617492239216,0.8791367621579912,0.6537948573721388
Reverse,0.5216074658020369,0.6686167189383208,0.3633123615558098,0.4388259867007622,0.6156747960132547
Reverse,0.6804256355725725,0.9423374235322348,0.4531302256240155,0.4815071481694211,0.8447277449646186
Reverse,0.6652387037968976,0.742024173822941,0.5380792960156707,0.6848122088928179,0.6960391364561609
Reverse,0.684324390217637,0.697832159368258,0.8092568496007398,0.6012844539621875,0.6289240979393625
Reverse,0.6316064620036619,0.6835585294111254,0.6823274081589329,0.5259977940235745,0.6345421164210147
Reverse,0.7385163730395143,0.9397970755757076,0.8121838895882477,0.5409039363941679,0.6611805905999346
Reverse,0.765755900792539,0.6499270765365984,0.9346249275173282,0.6739284384396188,0.8045431606766102
Reverse,0.5528833732688115,0.7671575388715416,0.3858247695863001,0.3746465062180389,0.6839046783993656
Reverse,0.8105881783136744,0.721441464214556,1.0,1.0,0.5209112490401416
Reverse,0.6005220074201074,0.7751266712416685,0.3397884531694521,0.4914652400531956,0.7957076652161135
Reverse,0.5901646045549284,0.6068728602623326,0.6663712362830421,0.5055818844605745,0.5818324372137641
Reverse,0.5871480836338826,0.81218653841763,0.4854513948520386,0.6478493728222299,0.4031050284436318
Reverse,0.574708490584187,0.5620923112620364,0.1939424954507339,0.5427991556239778,1.0
Reverse,0.7530814972849238,0.9937521181330892,0.4540900811095165,0.6993398446473044,0.8651439452497856
Reverse,0.6534292781645852,0.6841077468543796,1.0,0.2994059343209693,0.630203431482992
Reverse,0.7612422051677623,0.7701539757648149,0.9171572649878694,0.619596630694179,0.738060949224186
Reverse,0.6681618072404715,0.6412527148867313,0.7538253882490215,0.5313615449005179,0.7462075809256153
Reverse,0.7018404372788261,0.6445584495934549,0.7754200787804373,0.5941474372630043,0.7932357834784076
Reverse,0.6897440713947436,0.692290941461727,0.3453935063586236,0.8523843001427983,0.8689075376158252
Reverse,0.6554576409746873,0.6019350492026769,0.5808677411913015,0.8748876186341634,0.5641401548706071
Reverse,0.7338770031355595,1.0,0.9112113618132104,0.6446477828258319,0.3796488679031956
Reverse,0.7419666535005212,0.7428331112286485,0.8042244856758676,0.7290431171900114,0.691765899907557
Reverse,0.6817638578241592,0.7134371021882873,0.6605323159385348,0.5697453432692976,0.7833406699005172
Reverse,0.5928657225001184,0.8700655145300596,0.8187113444561723,0.0119222730671438,0.6707637579470977
Reverse,0.6865375259450809,0.7292104292078162,0.6962582487108204,0.5222963093822228,0.7983851164794641
Reverse,0.7343952002941289,0.8421289693184286,0.5454244664352781,0.681410457424907,0.868616907997902
Reverse,0.5986110036647565,0.4930572752816604,0.5746565550820069,0.7724786944765517,0.5542514898188071
Reverse,0.7920465961533996,0.7769628130145939,0.8450191573695994,0.7032356574229917,0.8429687568064129
Reverse,0.7448765783564749,0.7647883817010911,0.8600819050455364,0.7508582659627149,0.6037777607165571
Reverse,0.8172255679932395,0.8062455770801595,0.7702896415083166,0.8140300476632855,0.8783370057211963
Reverse,0.5955366729196102,0.5677188023158423,0.6673866072112472,0.4510194710387101,0.6960218111126409
Cultural,0.5892422920046786,0.6783221993926722,0.5415160158000076,0.5384076940721919,0.5987232587538427
Cultural,0.5711938062304198,0.7319940561059407,0.7002410950724448,0.4365822737863618,0.4159577999569321
Cultural,0.6163663605804517,0.8406355206439837,0.3784880271262051,0.4474550442867571,0.7988868502648607
Cultural,0.6426932307493411,0.5590145348336703,0.8658949683863497,0.5612347722454393,0.5846286475319052
Cultural,0.5597438365533866,0.3994206453389869,0.8270836060418453,0.3521483210293055,0.6603227738034083
Cultural,0.6902410186443965,0.7416065406937287,0.97213171916773,0.3382359201761775,0.7089898945399492
Cultural,0.7056099697319544,0.7275774317130542,1.0,0.8477892705878874,0.2470731766268761
Cultural,0.6561046909582388,0.6262545721551929,0.861424519327462,0.4052907600591062,0.7314489122911938
Cultural,0.8648290426945507,0.775820523874994,0.912041981499776,1.0,0.7714536654034329
Cultural,0.5808969519511169,0.6236554561438752,0.6948851375616011,0.2461848190221763,0.758862395076815
Cultural,0.6150134898598754,0.6386076342830344,0.5951823204130815,0.6304709744067444,0.5957930303366412
Cultural,0.6857432397493143,0.8681546000986706,0.7000414129836394,0.5981399357722771,0.5766370101426699
Cultural,0.666422001223314,0.7232786025788468,0.8650196529335269,0.4265739568578199,0.6508157925230623
Cultural,0.5306744664208173,0.6544410956835003,0.4308258153053569,0.4361484280557004,0.6012825266387114
Cultural,0.712738873537276,0.8311583771069091,0.752512265800385,0.6387179822735088,0.628566868968301
Cultural,0.7161193863661413,0.6793942317400905,0.7780929699857779,0.5793556494135007,0.8276346943251958
Cultural,0.534442822418915,0.6125862013582627,0.2122365683447141,0.5731441675627391,0.7398043524099442
Cultural,0.8731625430076768,0.8389323103362388,0.8930794969182341,0.8472261443612435,0.9134122204149908
Cultural,0.6390377611156937,0.7295973561108393,0.5764696209131299,0.53678542879459,0.7132986386442156
Cultural,0.7137553074836278,0.8805826655753224,0.6721107448638001,0.5099621470297176,0.7923656724656711
Cultural,0.5105632630784251,0.7901810123393672,0.4112290367732916,0.1407638093725523,0.7000791938284896
Cultural,0.5757821263490455,0.5168931361128761,0.5983719604705378,0.5704439362365057,0.6174194725762624
Cultural,0.7438316734149473,0.9178701301706118,0.765348952920464,0.6600948719221656,0.632012738646548
Cultural,0.7037939010290891,0.5291750323328845,0.9078223574840536,0.584847142692908,0.7933310716065103
Cultural,0.6231549215079879,0.5392214150439767,0.389248246796787,0.7635779316050058,0.8005720925861819
Cultural,0.668077009097254,0.5646922668463734,0.5260673837450611,0.8250869568829539,0.7564614289146274
Cultural,0.6788858493125995,0.9464009429883944,0.5198758530704262,0.7276783851216766,0.5215882160699008
Cultural,0.6499509904156765,0.7904781146623514,0.5911771995771614,0.5674414187855411,0.6507072286376523
Cultural,0.6503329784329613,0.549671881632779,0.8481648690840251,0.4973572867056829,0.7061378763093581
Cultural,0.4914713305571561,0.5508475938087232,0.1875332682409378,0.5617944474799662,0.6657100126989972
Cultural,0.7653151003490427,0.8176906431847035,0.696147924053121,0.5474218341583464,1.0
Cultural,0.6930348817675234,0.7820678672762814,0.463837436938231,0.8228643389337744,0.7033698839218069
Cultural,0.75166338386828,0.8077278588561901,0.7876951477619454,0.603923331538798,0.8073071973161866
Cultural,0.6760432021721611,0.7887721200612067,0.6291918578117952,0.4852796454206198,0.8009291853950229
Cultural,0.6015762496830769,0.932353022724278,0.4521785848692198,0.3064949468495119,0.715278444289298
Cultural,0.7039515634799155,0.7076331552784026,0.7346683328740816,0.6487906395817,0.7247141261854775
Cultural,0.6010297442359348,0.9234795157903124,0.3798192043046968,0.4343005950439508,0.6665196618047792
Cultural,0.6837891541409268,0.4535216783268748,0.6648291191135858,0.9322940331456036,0.6845117859776428
Cultural,0.5906082186149463,0.7346051358578025,0.4479670469654839,0.4767277183921045,0.7031329732443943
Cultural,0.7409825623959383,0.6523427354865649,0.9563287590007536,0.7115382121450249,0.6437205429514095
Cultural,0.724482795156964,0.7369757167648007,0.799644349699357,0.8280298077042533,0.5332813064594452
Cultural,0.5927824750465212,0.5477358712258197,0.5378284977579323,0.3484844282170767,0.937081102985256
Cultural,0.7292818689725546,0.7699537561669502,0.8974669033178203,0.5848097952714955,0.6648970211339528
Cultural,0.7269394975057699,0.7227636988373111,0.5329714196739953,1.0,0.6520228715117734
Cultural,0.6969804754196623,0.7277110868343586,1.0,0.6013599689119995,0.4588508459322912
Cultural,0.714092172477759,0.6463831865784359,0.6639216636475184,0.874569694935306,0.6714941447497758
Cultural,0.5650284680395277,0.9300150551944488,0.4152085695099709,0.546669534153117,0.3682207133005739
Cultural,0.624176497565112,0.7882829904656079,0.3803751296232504,0.6924345332163886,0.6356133369552007
Cultural,0.675267174318459,0.4955238993110784,0.7379412335220791,0.4676035644406782,1.0
Cultural,0.6840080806766677,0.7028721666123627,0.571702618191138,0.6975744569742148,0.7638830809289553
Cultural,0.7068284111410801,0.6713644312409052,0.8439515884296364,0.3413454084257672,0.9706522164680114
Cultural,0.74883534015592,0.7708609416820565,0.996823205707193,0.671122669757132,0.5565345434772986
Cultural,0.6309391311780399,0.699893710813503,0.4499184532060564,0.7209030652710733,0.6530412954215268
Cultural,0.6809259064505147,0.6321864500750379,0.6059915704480996,0.6531756459304097,0.8323499593485113
Cultural,0.7187917518127095,0.6900801078061266,1.0,0.5505948598508006,0.6344920395939107
Cultural,0.6654278165019772,0.6028687291547261,0.8488383942999873,0.5637551653563794,0.6462489771968166
Cultural,0.7411563842119311,0.8981956048409517,0.9839206009027276,0.4799152868522589,0.6025940442517861
Cultural,0.6480863038629997,0.8511270534755383,0.5630740348479991,0.7581251198325537,0.4200190072959075
Cultural,0.6105731165113174,0.8338896007448964,0.4577656141438437,0.7461528238133048,0.4044844273432246
Cultural,0.653726619017988,0.5569090870905032,0.6185927374146438,0.7372636913913402,0.7021409601754651
Cultural,0.6976744481739868,0.7876619470708726,1.0,0.2871516776577897,0.715884167967285
Cultural,0.6281039355153379,0.7156533906284819,0.5202431903353744,0.333937274852202,0.9425818862452936
Cultural,0.7716501550365191,0.8382475167886688,0.6744901759244931,0.9022309860494696,0.671631941383445
Cultural,0.5756894979894318,0.6981866578230917,0.4495213111173761,0.6727263765249936,0.4823236464922661
Cultural,0.5722164243740773,0.636885730947842,0.179157228674573,0.6397896293592988,0.833033108514595
Cultural,0.7147751746097254,0.7606442132442546,0.9471564383644308,0.3857892640701902,0.7655107827600264
Cultural,0.6722803477679389,0.8788761268716963,0.3442824831986966,0.6639303651837954,0.8020324158175673
Cultural,0.6460585520671397,0.687771599034753,0.7695352967076672,0.5025542871772894,0.6243730253488492
Cultural,0.5422881092998411,0.7051228626232037,0.4825508122274394,0.3828349742229628,0.5986437881257582
Cultural,0.7138419114805774,0.5276808947262015,0.8332625001818423,0.6925182585707902,0.8019059924434755
Cultural,0.59552076680315,0.5983653021496517,0.9388218806094744,0.4037668937720636,0.4411289906814105
Cultural,0.701504704822249,0.7693091339877844,0.856678101856519,0.5496922227911009,0.6303393606535919
Cultural,0.8298751400518473,0.913355479254776,1.0,0.7957716101563591,0.6103734707962537
Cultural,0.6324929507201132,0.578760141753861,0.5339111186886869,0.7045028210531514,0.7127977213847536
Cultural,0.7006183700576327,0.9102397889419644,0.8300900185072277,0.2993839396480363,0.7627597331333025
Cultural,0.6703322088552861,0.550290905902838,0.6232057456095297,0.6500400412503389,0.8577921426584377
Cultural,0.8460138528876884,1.0,0.8213446118272365,0.5633606762559225,0.9993501234675946
Cultural,0.8020582268060459,0.8331483138810754,0.6358664748885616,0.9590422711824644,0.7801758472720824
Cultural,0.7566685624440508,0.7746614633637091,0.8331848504108923,0.6843173221228911,0.7345106138787103
Cultural,0.6003904749262146,0.6074120220179615,0.5883396492107938,0.3799691534056609,0.8258410750704418
Cultural,0.8273046800049338,0.816840475526817,0.7915545732303771,0.9348984866695076,0.7659251845930339
Cultural,0.6259279324479441,0.8003112483388768,0.4816598247721371,0.5225800595051198,0.6991605971756429
Cultural,0.7146456850854721,0.8273653166114716,0.6412066104671635,0.5856801496283867,0.8043306636348666
Cultural,0.6779705484505394,0.6464456198790085,0.8780766327039572,0.7150410032213133,0.4723189379978785
Cultural,0.6629785787788178,0.7074660530771439,0.7014126317256353,0.4679357721053105,0.7750998582071814
Cultural,0.715291751438458,0.7631459416584084,0.7984037695985599,0.4947930314664839,0.8048242630303801
Cultural,0.5683122061930157,0.8645729067630543,0.6042325087983191,0.4274448471913759,0.3769985620193133
Cultural,0.7701521018809733,0.6411981040121305,0.9119872768093245,0.7234011899153395,0.804021836787099
Cultural,0.7230702362810106,0.4951066433199198,0.94238879707728,0.6522501062467712,0.8025353984800716
Cultural,0.5981500537327193,0.7215082701013377,0.3447529534203359,0.6817305622961342,0.6446084291130695
Cultural,0.5651898921626415,0.4970994571234698,0.3955281627564217,0.822537674997985,0.5455942737726892
Cultural,0.5967594408261269,0.9300591564874748,0.5928397073895404,0.2585284084814106,0.6056104909460817
Cultural,0.644263995530822,0.8853717430010407,0.6688203644126665,0.4903425407018797,0.5325213340077011
Cultural,0.8281124383655318,0.7752674104251317,0.923479763180492,0.8896998459785852,0.7240027338779181
Cultural,0.6041226548278134,0.5010928470876942,0.6173069677753448,0.6520561013165772,0.6460347031316371
Cultural,0.6177226574575096,0.5564273627657436,0.768757576309977,0.5902695296859097,0.5554361610684083
Cultural,0.5900546193529783,0.5862256997949895,0.6539198571588465,0.4151533711463391,0.704919549311738
Cultural,0.6084193543477949,0.8552874002085629,0.3307624275523811,0.4140978279615179,0.833529761668718
Cultural,0.5178500959194188,0.6024964098389652,0.6833124060419278,0.3100709560602939,0.4755206117364881
Cultural,0.6166124388765043,0.5494063941877751,0.7414534658797888,0.6138688674072501,0.561721028031203
Technical,0.5046713286713287,0.9615384615384616,0.1212121212121212,0.0,0.92
Technical,0.5005269228118616,0.9655310199789696,0.1363636363636363,0.0,0.8883720930232558
Technical,0.4568532948532948,0.8703703703703702,0.0454545454545454,0.0,0.8971428571428572
Technical,0.450293124328149,0.8648346055979643,0.0303030303030303,0.0,0.8941176470588235
Technical,0.4569085740130516,0.8706467661691542,0.0454545454545454,0.0,0.8971428571428572
Technical,0.4578694638694638,0.9057808857808858,0.0454545454545454,0.0,0.8769230769230769
Technical,0.4943244339303818,0.8943494423791821,0.106060606060606,0.0,0.9454545454545454
Technical,0.5027920441277881,0.8812935323383084,0.106060606060606,0.0860757792097227,0.925
Aptitude,0.546496817235935,0.9068896321070232,0.25,0.1255944540726518,0.8833333333333333
Technical,0.4457476697826944,0.8648346055979643,0.0151515151515151,0.0,0.8941176470588235
Technical,0.4503815442638972,0.8652767052767053,0.0303030303030303,0.0,0.8941176470588235
Technical,0.450235294117647,0.8645454545454545,0.0303030303030303,0.0,0.8941176470588235
Technical,0.4646556138896563,0.9265248226950354,0.0454545454545454,0.0,0.8857142857142857
Technical,0.4949125214408233,0.9154716981132076,0.106060606060606,0.0,0.9333333333333332
Technical,0.4662499353830152,0.8846894803548796,0.0454545454545454,0.0,0.918918918918919
Technical,0.4990864303543842,0.9865388711395102,0.1363636363636363,0.0,0.8695652173913044
Technical,0.4618820192672332,0.8855771725032425,0.0303030303030303,0.0,0.918918918918919
Technical,0.4618518560844142,0.8854263565891473,0.0303030303030303,0.0,0.918918918918919
Technical,0.4726830713146502,0.8909273182957393,0.0606060606060606,0.0,0.9210526315789472
Aptitude,0.5529105330640414,0.9277966101694916,0.25,0.1232945166891767,0.8923076923076922
Technical,0.4664274738126878,0.8855771725032425,0.0454545454545454,0.0,0.918918918918919
Technical,0.4663673803673803,0.8852767052767053,0.0454545454545454,0.0,0.918918918918919
Technical,0.4664885099002746,0.8858823529411765,0.0454545454545454,0.0,0.918918918918919
Technical,0.4617922257922258,0.8851282051282051,0.0303030303030303,0.0,0.918918918918919
Technical,0.4617044808375607,0.8846894803548796,0.0303030303030303,0.0,0.918918918918919
Logical Reasoning,0.4827881572678283,0.8899633699633699,0.0,0.2134511005862979,0.8736842105263158
General,0.6279455244430561,0.8894344163658242,0.5,0.2134511005862979,0.8578947368421053
General,0.6327614200148137,0.8898296836982967,0.5,0.2134511005862979,0.8736842105263158
General,0.6240025631031924,0.8846894803548796,0.5,0.1799179297556765,0.8702702702702703
General,0.6327085267534152,0.8895652173913043,0.5,0.2134511005862979,0.8736842105263158
General,0.6239451701768706,0.8844025157232704,0.5,0.1799179297556765,0.8702702702702703
Aptitude,0.5477230366121635,0.9271140939597317,0.25,0.1211164737164705,0.8769230769230769
Technical,0.448020142286257,0.8841198501872659,0.0303030303030303,0.0,0.8736842105263158
Technical,0.4479644498200554,0.8838413878562578,0.0303030303030303,0.0,0.8736842105263158
Technical,0.5102093153759821,0.9817283950617284,0.1212121212121212,0.0,0.925
Technical,0.4889206673476336,0.9082397003745316,0.0909090909090909,0.0,0.9333333333333332
Technical,0.4479921921493013,0.8839800995024876,0.0303030303030303,0.0,0.8736842105263158
Technical,0.4479369129895446,0.8837037037037037,0.0303030303030303,0.0,0.8736842105263158
Technical,0.4411737054378564,0.8777358490566037,0.0151515151515151,0.0,0.8702702702702703
Technical,0.4412893708755777,0.8783141762452107,0.0151515151515151,0.0,0.8702702702702703
Technical,0.4501304798487897,0.9194835680751174,0.0303030303030303,0.0,0.8571428571428571
Logical Reasoning,0.4611627650118447,0.8834313725490196,0.0,0.11185613672073,0.8736842105263158
Technical,0.4420856619412674,0.8771747211895911,0.0151515151515151,0.0,0.8736842105263158
Technical,0.5046713286713287,0.9615384615384615,0.12121212121212122,0.0,0.92
Technical,0.5005269228118616,0.9655310199789695,0.13636363636363635,0.0,0.8883720930232558
Technical,0.45685329485329484,0.8703703703703702,0.045454545454545456,0.0,0.8971428571428572
Technical,0.450293124328149,0.8648346055979643,0.030303030303030304,0.0,0.8941176470588235
Technical,0.4569085740130516,0.8706467661691542,0.045454545454545456,0.0,0.8971428571428572
Technical,0.4578694638694638,0.9057808857808858,0.045454545454545456,0.0,0.8769230769230769
Technical,0.49432443393038183,0.8943494423791821,0.10606060606060606,0.0,0.9454545454545454
Technical,0.5027920441277881,0.8812935323383084,0.10606060606060606,0.08607577920972272,0.925
Aptitude,0.546496817235935,0.9068896321070233,0.25,0.12559445407265182,0.8833333333333333
Technical,0.4457476697826944,0.8648346055979643,0.015151515151515152,0.0,0.8941176470588235
Technical,0.4503815442638972,0.8652767052767053,0.030303030303030304,0.0,0.8941176470588235
Technical,0.450235294117647,0.8645454545454545,0.030303030303030304,0.0,0.8941176470588235
HR,0.45270131670131675,0.8851282051282051,0.0,0.0,0.918918918918919
Technical,0.46465561388965637,0.9265248226950354,0.045454545454545456,0.0,0.8857142857142857
Technical,0.4949125214408233,0.9154716981132075,0.10606060606060606,0.0,0.9333333333333333
Technical,0.46624993538301523,0.8846894803548796,0.045454545454545456,0.0,0.918918918918919
Technical,0.49908643035438427,0.9865388711395102,0.13636363636363635,0.0,0.8695652173913044
Technical,0.46188201926723327,0.8855771725032425,0.030303030303030304,0.0,0.918918918918919
Technical,0.46185185608441426,0.8854263565891473,0.030303030303030304,0.0,0.918918918918919
Technical,0.47268307131465026,0.8909273182957393,0.06060606060606061,0.0,0.9210526315789473
Aptitude,0.5529105330640414,0.9277966101694916,0.25,0.12329451668917675,0.8923076923076922
Technical,0.4664274738126878,0.8855771725032425,0.045454545454545456,0.0,0.918918918918919
Technical,0.46636738036738035,0.8852767052767053,0.045454545454545456,0.0,0.918918918918919
Technical,0.4664885099002746,0.8858823529411765,0.045454545454545456,0.0,0.918918918918919
Technical,0.4617922257922258,0.8851282051282051,0.030303030303030304,0.0,0.918918918918919
Technical,0.4617044808375607,0.8846894803548796,0.030303030303030304,0.0,0.918918918918919
Aptitude,0.45499214643105956,0.8894344163658242,0.05,0.0,0.8736842105263158
Aptitude,0.47009793715056875,0.8899633699633699,0.1,0.0,0.8736842105263158
Aptitude,0.4401520036252994,0.8902337023370233,0.0,0.0,0.8736842105263158
Aptitude,0.4401793372319688,0.8903703703703703,0.0,0.0,0.8736842105263158
Aptitude,0.4400446570972887,0.8896969696969697,0.0,0.0,0.8736842105263158
Aptitude,0.4388186702919661,0.8835670356703567,0.0,0.0,0.8736842105263158
General,0.6279455244430561,0.8894344163658242,0.5,0.21345110058629793,0.8578947368421053
General,0.6327614200148137,0.8898296836982967,0.5,0.21345110058629793,0.8736842105263158
General,0.6240025631031924,0.8846894803548796,0.5,0.17991792975567658,0.8702702702702703
General,0.6327085267534152,0.8895652173913043,0.5,0.21345110058629793,0.8736842105263158
General,0.6239451701768706,0.8844025157232704,0.5,0.17991792975567658,0.8702702702702703
Aptitude,0.4700183066361556,0.8895652173913043,0.1,0.0,0.8736842105263158
Aptitude,0.5477230366121635,0.9271140939597315,0.25,0.1211164737164705,0.8769230769230769
Technical,0.44802014228625703,0.8841198501872659,0.030303030303030304,0.0,0.8736842105263158
Technical,0.4479644498200554,0.8838413878562578,0.030303030303030304,0.0,0.8736842105263158
Technical,0.5102093153759821,0.9817283950617284,0.12121212121212122,0.0,0.925
Technical,0.4367146688673406,0.8781679389312976,0.0,0.0,0.8702702702702703
Technical,0.4366568386568387,0.8778787878787878,0.0,0.0,0.8702702702702703
Aptitude,0.4517733887733888,0.8784615384615384,0.05,0.0,0.8702702702702703
Aptitude,0.4515998780735623,0.8775939849624059,0.05,0.0,0.8702702702702703
Technical,0.43668564381872366,0.8780228136882129,0.0,0.0,0.8702702702702703
Aptitude,0.45174391633012323,0.8783141762452107,0.05,0.0,0.8702702702702703
Aptitude,0.4515437676482453,0.8773134328358209,0.05,0.0,0.8702702702702703
Aptitude,0.5418195133395127,0.9206734006734006,0.25,0.1211164737164705,0.8615384615384616
Aptitude,0.4375126705653022,0.8770370370370371,0.0,0.0,0.8736842105263158
Technical,0.4889206673476336,0.9082397003745317,0.09090909090909091,0.0,0.9333333333333333
Technical,0.44799219214930136,0.8839800995024876,0.030303030303030304,0.0,0.8736842105263158
Technical,0.4479369129895446,0.8837037037037037,0.030303030303030304,0.0,0.8736842105263158
Technical,0.4411737054378564,0.8777358490566037,0.015151515151515152,0.0,0.8702702702702703
Technical,0.44128937087557774,0.8783141762452107,0.015151515151515152,0.0,0.8702702702702703
Technical,0.45013047984878973,0.9194835680751174,0.030303030303030304,0.0,0.8571428571428571
Technical,0.43659987807356226,0.8775939849624059,0.0,0.0,0.8702702702702703
Aptitude,0.4536849733028223,0.8828985507246377,0.05,0.0,0.8736842105263158
Aptitude,0.46879153766769865,0.8834313725490196,0.1,0.0,0.8736842105263158
Technical,0.44208566194126747,0.8771747211895911,0.015151515151515152,0.0,0.8736842105263158
